batter,total_runs,total_balls,dismissals,strike_rate,average
A Ashish Reddy,280,196,15,142.86,18.67
A Badoni,1178,885,45,133.11,26.18
A Chandila,4,7,0,57.14,4.0
A Chopra,53,75,5,70.67,10.6
A Choudhary,25,20,1,125.0,25.0
A Dananjaya,4,5,0,80.0,4.0
A Flintoff,62,57,2,108.77,31.0
A Kamboj,74,55,3,134.55,24.67
A Kumble,35,49,2,71.43,17.5
A Manohar,292,243,19,120.16,15.37
A Mhatre,441,250,12,176.4,36.75
A Mishra,381,440,28,86.59,13.61
A Mithun,34,26,5,130.77,6.8
A Mukund,19,23,2,82.61,9.5
A Nehra,41,63,6,65.08,6.83
A Nortje,49,52,6,94.23,8.17
A Raghuvanshi,885,628,24,140.92,36.88
A Singh,2,10,4,20.0,0.5
A Symonds,974,781,24,124.71,40.58
A Tomar,4,8,1,50.0,4.0
A Uniyal,4,7,1,57.14,4.0
A Zampa,15,25,5,60.0,3.0
AA Bilakhia,69,88,5,78.41,13.8
AA Chavan,12,11,1,109.09,12.0
AA Jhunjhunwala,217,218,12,99.54,18.08
AA Kulkarni,26,33,4,78.79,6.5
AA Noffke,9,12,1,75.0,9.0
AB Agarkar,179,160,8,111.87,22.38
AB Barath,42,43,2,97.67,21.0
AB Dinda,26,50,9,52.0,2.89
AB McDonald,123,103,5,119.42,24.6
AB de Villiers,5181,3487,122,148.58,42.47
AC Blizzard,120,91,7,131.87,17.14
AC Gilchrist,2069,1555,75,133.05,27.59
AC Thomas,20,19,2,105.26,10.0
AC Voges,181,143,4,126.57,45.25
AD Hales,148,119,6,124.37,24.67
AD Mascarenhas,79,79,9,100.0,8.78
AD Mathews,724,599,28,120.87,25.86
AD Nath,90,99,10,90.91,9.0
AD Russell,2655,1626,90,163.28,29.5
AF Milne,25,33,4,75.76,6.25
AG Murtaza,10,14,1,71.43,10.0
AG Paunikar,49,61,5,80.33,9.8
AJ Finch,2092,1696,82,123.35,25.51
AJ Hosein,21,14,0,150.0,21.0
AJ Turner,24,31,5,77.42,4.8
AJ Tye,91,79,8,115.19,11.38
AK Markram,1671,1264,55,132.2,30.38
AL Menaria,401,367,21,109.26,19.1
AM Ghazanfar,2,3,0,66.67,2.0
AM Nayar,672,588,36,114.29,18.67
AM Rahane,5367,4391,172,122.23,31.2
AN Ahmed,36,27,1,133.33,36.0
AN Ghosh,7,8,2,87.5,3.5
AP Dole,34,23,2,147.83,17.0
AP Majumdar,87,77,4,112.99,21.75
AP Tare,339,285,24,118.95,14.12
AR Bawne,12,12,0,100.0,12.0
AR Patel,2089,1635,94,127.77,22.22
AS Joseph,27,32,1,84.38,27.0
AS Rajpoot,26,41,4,63.41,6.5
AS Raut,194,172,9,112.79,21.56
AS Roy,78,66,8,118.18,9.75
AS Yadav,49,40,5,122.5,9.8
AT Carey,32,29,2,110.34,16.0
AT Rayudu,4348,3490,148,124.58,29.38
AU Rashid,22,17,2,129.41,11.0
AUK Pathan,39,26,5,150.0,7.8
Abdul Basith,1,1,0,100.0,1.0
Abdul Samad,859,598,44,143.65,19.52
Abdur Razzak,0,2,0,0.0,0.0
Abhishek Sharma,2379,1471,80,161.73,29.74
Abishek Porel,769,548,30,140.33,25.63
Akash Deep,25,14,3,178.57,8.33
Akash Madhwal,8,14,0,57.14,8.0
Akshat Raghuwanshi,29,27,2,107.41,14.5
Aman Hakim Khan,115,109,9,105.5,12.78
Aniket Verma,315,205,14,153.66,22.5
Anirudh Singh,63,69,4,91.3,15.75
Ankit Sharma,87,69,7,126.09,12.43
Ankit Soni,7,9,2,77.78,3.5
Anmolpreet Singh,139,117,9,118.8,15.44
Anuj Rawat,318,276,14,115.22,22.71
Anureet Singh,36,47,4,76.6,9.0
Arjun Tendulkar,18,14,1,128.57,18.0
Arshad Khan,142,102,6,139.22,23.67
Arshad Khan (2),5,4,1,125.0,5.0
Arshdeep Singh,32,49,6,65.31,5.33
Ashok Sharma,1,5,0,20.0,1.0
Ashutosh Sharma,564,356,19,158.43,29.68
Ashwani Kumar,1,6,0,16.67,1.0
Atharva Taide,260,188,9,138.3,28.89
Auqib Nabi,14,4,1,350.0,14.0
Avesh Khan,68,46,3,147.83,22.67
Azhar Mahmood,388,311,19,124.76,20.42
Azmatullah Omarzai,151,105,10,143.81,15.1
B Akhil,76,57,5,133.33,15.2
B Chipli,280,256,15,109.38,18.67
B Indrajith,21,31,3,67.74,7.0
B Kumar,354,392,35,90.31,10.11
B Laughlin,5,13,2,38.46,2.5
B Lee,124,102,9,121.57,13.78
B Sai Sudharsan,2515,1760,51,142.9,49.31
B Stanlake,5,2,0,250.0,5.0
B Sumanth,35,38,1,92.11,35.0
BA Bhatt,6,7,0,85.71,6.0
BA Stokes,935,718,38,130.22,24.61
BAW Mendis,3,6,2,50.0,1.5
BB McCullum,2882,2272,102,126.85,28.25
BB Samantray,125,116,5,107.76,25.0
BB Sran,10,14,1,71.43,10.0
BCJ Cutting,238,146,10,163.01,23.8
BE Hendricks,1,3,1,33.33,1.0
BJ Haddin,18,11,1,163.64,18.0
BJ Hodge,1400,1153,41,121.42,34.15
BJ Rohrer,193,146,7,132.19,27.57
BKG Mendis,20,11,1,181.82,20.0
BMAJ Mendis,23,27,3,85.19,7.67
BR Dunk,40,36,3,111.11,13.33
BR Sharath,2,5,1,40.0,2.0
Basil Thampi,32,37,1,86.49,32.0
Bipul Sharma,187,124,6,150.81,31.17
Brijesh Sharma,2,4,0,50.0,2.0
C Bosch,97,63,3,153.97,32.33
C Connolly,491,316,11,155.38,44.64
C Green,1029,702,26,146.58,39.58
C Madan,15,21,1,71.43,15.0
C Munro,177,144,9,122.92,19.67
C Nanda,0,1,1,0.0,0.0
C Sakariya,20,31,5,64.52,4.0
C de Grandhomme,303,229,14,132.31,21.64
CA Ingram,205,183,12,112.02,17.08
CA Lynn,1329,974,38,136.45,34.97
CA Pujara,390,403,18,96.77,21.67
CH Gayle,4997,3516,125,142.12,39.98
CH Morris,618,413,28,149.64,22.07
CJ Anderson,538,436,22,123.39,24.45
CJ Ferguson,98,119,6,82.35,16.33
CJ Jordan,81,81,9,100.0,9.0
CJ McKay,8,15,1,53.33,8.0
CK Kapugedera,16,24,3,66.67,5.33
CK Langeveldt,8,9,2,88.89,4.0
CL White,971,774,34,125.45,28.56
CM Gautam,169,158,9,106.96,18.78
CR Brathwaite,181,120,13,150.83,13.92
CR Woakes,78,77,5,101.3,15.6
CRD Fernando,4,3,0,133.33,4.0
CV Varun,31,56,4,55.36,7.75
D Brevis,606,432,24,140.28,25.25
D Ferreira,326,195,12,167.18,27.17
D Kalyankrishna,3,8,1,37.5,3.0
D Padikkal,2270,1779,84,127.6,27.02
D Pretorius,44,28,4,157.14,11.0
D Salunkhe,33,24,1,137.5,33.0
D Wiese,148,105,5,140.95,29.6
D du Preez,10,13,1,76.92,10.0
DA Miller,3288,2441,90,134.7,36.53
DA Payne,6,5,0,120.0,6.0
DA Warner,6567,4849,158,135.43,41.56
DAJ Bracewell,12,9,0,133.33,12.0
DB Das,304,267,12,113.86,25.33
DB Ravi Teja,375,325,19,115.38,19.74
DE Bollinger,21,23,1,91.3,21.0
DG Nalkande,12,12,2,100.0,6.0
DH Yagnik,170,142,9,119.72,18.89
DJ Bravo,1560,1247,68,125.1,22.94
DJ Harris,111,103,3,107.77,37.0
DJ Hooda,1497,1213,79,123.41,18.95
DJ Hussey,1322,1101,46,120.07,28.74
DJ Jacobs,92,101,7,91.09,13.14
DJ Malan,26,26,1,100.0,26.0
DJ Mitchell,351,274,13,128.1,27.0
DJ Muthuswami,1,3,1,33.33,1.0
DJ Thornely,39,54,3,72.22,13.0
DJ Willey,53,64,2,82.81,26.5
DJG Sammy,295,251,15,117.53,19.67
DJM Short,115,102,7,112.75,16.43
DL Chahar,142,105,10,135.24,14.2
DL Vettori,121,118,7,102.54,17.29
DM Bravo,6,5,0,120.0,6.0
DNT Zoysa,11,9,1,122.22,11.0
DP Conway,1080,794,24,136.02,45.0
DP Nannes,4,13,1,30.77,4.0
DP Vijaykumar,1,1,0,100.0,1.0
DPMD Jayawardene,1808,1522,59,118.79,30.64
DR Martyn,19,26,1,73.08,19.0
DR Sams,44,48,9,91.67,4.89
DR Shorey,13,20,2,65.0,6.5
DR Smith,2385,1803,80,132.28,29.81
DS Kulkarni,104,113,8,92.04,13.0
DS Lehmann,18,19,2,94.74,9.0
DS Rathi,3,9,1,33.33,3.0
DT Christian,460,408,27,112.75,17.04
DT Patil,13,13,1,100.0,13.0
DV Malewar,2,5,2,40.0,1.0
DW Steyn,167,163,20,102.45,8.35
Dhruv Jurel,1195,801,36,149.19,33.19
E Lewis,654,499,24,131.06,27.25
E Malinga,7,18,1,38.89,7.0
EJG Morgan,1406,1181,59,119.05,23.83
ER Dwivedi,24,15,2,160.0,12.0
F Behardien,14,13,2,107.69,7.0
F du Plessis,4773,3605,128,132.4,37.29
FA Allen,14,19,2,73.68,7.0
FH Allen,349,168,10,207.74,34.9
FH Edwards,4,5,1,80.0,4.0
FY Fazal,183,179,9,102.23,20.33
Fazalhaq Farooqi,5,15,0,33.33,5.0
G Coetzee,31,33,6,93.94,5.17
G Gambhir,4217,3524,128,119.67,32.95
GB Hogg,22,22,2,100.0,11.0
GC Smith,739,691,26,106.95,28.42
GC Viljoen,3,7,2,42.86,1.5
GD McGrath,4,5,1,80.0,4.0
GD Phillips,132,112,11,117.86,12.0
GF Linde,31,21,3,147.62,10.33
GH Vihari,284,331,19,85.8,14.95
GHS Garton,2,4,1,50.0,2.0
GJ Bailey,663,552,26,120.11,25.5
GJ Maxwell,2820,1896,114,148.73,24.74
GR Napier,15,16,1,93.75,15.0
Gulbadin Naib,19,15,1,126.67,19.0
Gurkeerat Singh,511,436,24,117.2,21.29
H Das,2,5,1,40.0,2.0
H Klaasen,2104,1320,49,159.39,42.94
HC Brook,190,159,9,119.5,21.11
HE van der Dussen,22,25,2,88.0,11.0
HF Gurney,1,5,0,20.0,1.0
HH Gibbs,886,837,31,105.85,28.58
HH Pandya,2964,2116,104,140.08,28.5
HM Amla,577,418,13,138.04,44.38
HR Shokeen,66,67,3,98.51,22.0
HV Patel,280,250,28,112.0,10.0
Harbhajan Singh,833,636,51,130.97,16.33
Harmeet Singh,18,12,2,150.0,9.0
Harpreet Brar,249,217,12,114.75,20.75
Harpreet Singh,123,119,6,103.36,20.5
Harsh Dubey,13,11,2,118.18,6.5
Harshit Rana,59,57,6,103.51,9.83
Himmat Singh,92,74,3,124.32,30.67
I Malhotra,7,4,0,175.0,7.0
I Sharma,57,71,6,80.28,9.5
I Udana,15,11,3,136.36,5.0
IC Pandey,0,2,1,0.0,0.0
IK Pathan,1150,985,49,116.75,23.47
IR Jaggi,76,100,5,76.0,15.2
IS Sodhi,7,18,2,38.89,3.5
Imran Tahir,33,37,4,89.19,8.25
Iqbal Abdulla,88,86,1,102.33,88.0
Ishan Kishan,3600,2579,115,139.59,31.3
J Arunkumar,23,24,3,95.83,7.67
J Botha,409,364,20,112.36,20.45
J Fraser-McGurk,385,203,14,189.66,27.5
J Overton,151,98,5,154.08,30.2
J Suchith,70,62,4,112.9,17.5
J Syed Mohammad,29,27,2,107.41,14.5
J Theron,10,13,2,76.92,5.0
J Yadav,40,38,2,105.26,20.0
JA Morkel,975,712,38,136.94,25.66
JA Richardson,17,27,3,62.96,5.67
JC Archer,326,232,24,140.52,13.58
JC Buttler,4647,3208,115,144.86,40.41
JD Ryder,604,466,27,129.61,22.37
JD Unadkat,201,173,13,116.18,15.46
JDP Oram,106,110,8,96.36,13.25
JDS Neesham,92,93,8,98.92,11.5
JE Root,10,15,1,66.67,10.0
JE Taylor,3,4,0,75.0,3.0
JEC Franklin,327,309,11,105.83,29.73
JG Bethell,163,120,9,135.83,18.11
JH Kallis,2427,2291,83,105.94,29.24
JJ Bumrah,75,89,7,84.27,10.71
JJ Roy,614,460,19,133.48,32.32
JJ van der Wath,18,17,2,105.88,9.0
JL Denly,0,1,1,0.0,0.0
JL Pattinson,15,13,1,115.38,15.0
JM Bairstow,1674,1181,47,141.74,35.62
JM Kemp,26,25,2,104.0,13.0
JM Sharma,1107,752,48,147.21,23.06
JO Holder,324,272,26,119.12,12.46
JP Behrendorff,6,9,0,66.67,6.0
JP Duminy,2029,1680,48,120.77,42.27
JP Faulkner,527,406,26,129.8,20.27
JP Inglis,544,328,14,165.85,38.86
JPR Scantlebury-Searles,8,6,1,133.33,8.0
JR Hazlewood,19,31,1,61.29,19.0
JR Hopes,417,314,16,132.8,26.06
JR Philippe,78,80,4,97.5,19.5
Jaskaran Singh,8,11,1,72.73,8.0
Joginder Sharma,36,30,4,120.0,9.0
K Goel,218,239,13,91.21,16.77
K Gowtham,247,159,18,155.35,13.72
K Kartikeya,12,18,3,66.67,4.0
K Rabada,262,256,18,102.34,14.56
K Upadhyay,12,9,0,133.33,12.0
K Yadav,0,4,0,0.0,0.0
KA Jamieson,77,74,4,104.05,19.25
KA Maharaj,1,2,1,50.0,1.0
KA Pollard,3437,2447,120,140.46,28.64
KAJ Roach,10,9,1,111.11,10.0
KB Arun Karthik,51,53,5,96.23,10.2
KC Cariappa,24,21,3,114.29,8.0
KC Sangakkara,1687,1424,65,118.47,25.95
KD Karthik,4843,3687,175,131.35,27.67
KH Pandya,1982,1539,83,128.78,23.88
KJ Abbott,13,8,1,162.5,13.0
KK Ahmed,2,9,5,22.22,0.4
KK Cooper,116,70,9,165.71,12.89
KK Nair,1712,1332,70,128.53,24.46
KL Nagarkoti,22,34,4,64.71,5.5
KL Rahul,5828,4302,125,135.47,46.62
KM Asif,0,2,1,0.0,0.0
KM Jadhav,1208,1012,51,119.37,23.69
KMA Paul,18,26,4,69.23,4.5
KMDN Kulasekara,5,3,0,166.67,5.0
KP Appanna,2,4,1,50.0,2.0
KP Pietersen,1001,758,27,132.06,37.07
KR Mayers,379,276,13,137.32,29.15
KR Sen,0,3,0,0.0,0.0
KS Bharat,199,168,7,118.45,28.43
KS Rathore,0,5,1,0.0,0.0
KS Sharma,16,25,3,64.0,5.33
KS Williamson,2132,1734,58,122.95,36.76
KT Maphaka,8,3,0,266.67,8.0
KV Sharma,352,307,24,114.66,14.67
KW Richardson,36,39,3,92.31,12.0
Kamran Akmal,128,78,4,164.1,32.0
Kamran Khan,3,5,1,60.0,3.0
Karanveer Singh,12,17,1,70.59,12.0
Kartik Sharma,295,220,9,134.09,32.78
Kartik Tyagi,24,26,7,92.31,3.43
Krish Bhagat,10,21,1,47.62,10.0
Kuldeep Yadav,210,263,14,79.85,15.0
Kumar Kushagra,21,21,4,100.0,5.25
L Ablish,0,2,0,0.0,0.0
L Balaji,36,50,7,72.0,5.14
L Ngidi,4,9,2,44.44,2.0
L Ronchi,34,37,3,91.89,11.33
L Wood,9,3,0,300.0,9.0
LA Carseldine,81,71,3,114.08,27.0
LA Pomersbach,302,251,10,120.32,30.2
LB Williams,1,2,0,50.0,1.0
LE Plunkett,1,3,1,33.33,1.0
LG Pretorius,7,8,1,87.5,7.0
LH Ferguson,72,49,3,146.94,24.0
LJ Wright,106,63,4,168.25,26.5
LMP Simmons,1079,878,26,122.89,41.5
LPC Silva,40,27,2,148.15,20.0
LR Shukla,405,358,27,113.13,15.0
LRPL Taylor,1017,847,38,120.07,26.76
LS Livingstone,1066,725,41,147.03,26.0
Lalit Yadav,305,301,15,101.33,20.33
Liton Das,4,4,1,100.0,4.0
M Ashwin,35,50,8,70.0,4.38
M Jansen,192,186,15,103.23,12.8
M Kaif,259,258,16,100.39,16.19
M Kartik,113,109,6,103.67,18.83
M Klinger,73,78,4,93.59,18.25
M Manhas,514,486,23,105.76,22.35
M Markande,48,44,3,109.09,16.0
M Morkel,126,93,10,135.48,12.6
M Muralitharan,20,30,6,66.67,3.33
M Ntini,11,19,1,57.89,11.0
M Prasidh Krishna,15,31,2,48.39,7.5
M Rawat,55,70,5,78.57,11.0
M Shahrukh Khan,775,551,34,140.65,22.79
M Theekshana,17,34,3,50.0,5.67
M Tiwari,21,12,1,175.0,21.0
M Vijay,2619,2208,93,118.61,28.16
M Vohra,1083,863,47,125.49,23.04
M de Lange,1,2,1,50.0,1.0
MA Agarwal,2764,2146,117,128.8,23.62
MA Khote,24,22,2,109.09,12.0
MA Starc,111,122,11,90.98,10.09
MA Wood,12,10,2,120.0,6.0
MC Henriques,1000,801,36,124.84,27.78
MC Juneja,125,134,7,93.28,17.86
MD Choudhary,170,122,6,139.34,28.33
MD Mishra,237,213,15,111.27,15.8
MD Shanaka,89,74,6,120.27,14.83
MDKJ Perera,14,13,2,107.69,7.0
MEK Hussey,1977,1648,49,119.96,40.35
MF Maharoof,177,124,10,142.74,17.7
MG Bracewell,58,49,2,118.37,29.0
MG Johnson,167,168,13,99.4,12.85
MJ Clarke,98,96,6,102.08,16.33
MJ Guptill,271,197,12,137.56,22.58
MJ Henry,7,10,2,70.0,3.5
MJ Lumb,278,198,10,140.4,27.8
MJ McClenaghan,85,73,11,116.44,7.73
MJ Owen,0,2,1,0.0,0.0
MJ Santner,136,132,8,103.03,17.0
MJ Suthar,1,2,1,50.0,1.0
MK Lomror,527,389,29,135.48,18.17
MK Pandey,4021,3406,135,118.06,29.79
MK Tiwary,1695,1489,57,113.83,29.74
ML Hayden,1107,839,28,131.94,39.54
MM Ali,1167,865,51,134.91,22.88
MM Patel,39,41,5,95.12,7.8
MM Sharma,125,140,17,89.29,7.35
MN Samuels,161,174,11,92.53,14.64
MN van Wyk,167,135,3,123.7,55.67
MP Breetzke,14,12,1,116.67,14.0
MP Stoinis,2242,1588,77,141.18,29.12
MP Yadav,5,6,1,83.33,5.0
MR Marsh,1855,1291,56,143.69,33.12
MS Bhandage,1,4,1,25.0,1.0
MS Bisla,798,737,36,108.28,22.17
MS Dhoni,5439,4101,139,132.63,39.13
MS Gony,99,76,9,130.26,11.0
MS Wade,183,185,13,98.92,14.08
MV Boucher,394,318,14,123.9,28.14
MW Short,177,153,9,115.69,19.67
Mandeep Singh,1706,1418,80,120.31,21.32
Mashrafe Mortaza,2,2,0,100.0,2.0
Mayank Dagar,0,1,0,0.0,0.0
Misbah-ul-Haq,117,82,7,142.68,16.71
Mohammad Ashraful,2,12,1,16.67,2.0
Mohammad Asif,3,6,2,50.0,1.5
Mohammad Hafeez,64,84,7,76.19,9.14
Mohammad Nabi,221,157,16,140.76,13.81
Mohammed Shami,115,116,19,99.14,6.05
Mohammed Siraj,117,144,11,81.25,10.64
Mohit Rathee,1,2,0,50.0,1.0
Mohsin Khan,25,31,4,80.65,6.25
Mujeeb Ur Rahman,12,15,3,80.0,4.0
Mukesh Choudhary,8,8,0,100.0,8.0
Mukesh Kumar,10,20,1,50.0,10.0
Musheer Khan,0,3,1,0.0,0.0
Mustafizur Rahman,13,24,2,54.17,6.5
N Burger,14,9,1,155.56,14.0
N Jagadeesan,162,155,9,104.52,18.0
N Pooran,2527,1629,80,155.13,31.59
N Rana,3078,2314,111,133.02,27.73
N Saini,140,143,10,97.9,14.0
N Sindhu,63,51,5,123.53,12.6
N Wadhera,784,583,32,134.48,24.5
ND Doshi,0,13,1,0.0,0.0
NJ Maddinson,20,21,3,95.24,6.67
NJ Rimmington,1,1,0,100.0,1.0
NK Patel,121,124,4,97.58,30.25
NL McCullum,26,23,1,113.04,26.0
NLTC Perera,424,326,22,130.06,19.27
NM Coulter-Nile,82,75,10,109.33,8.2
NS Naik,31,53,4,58.49,7.75
NT Ellis,19,26,4,73.08,4.75
NV Ojha,1554,1360,72,114.26,21.58
Naman Dhir,710,444,26,159.91,27.31
Navdeep Saini,33,38,4,86.84,8.25
Naveen-ul-Haq,18,26,1,69.23,18.0
Nithish Kumar Reddy,787,566,27,139.05,29.15
Noor Ahmad,31,59,11,52.54,2.82
OA Shah,506,405,12,124.94,42.17
OC McCoy,8,5,0,160.0,8.0
OF Smith,51,50,3,102.0,17.0
P Awana,5,14,2,35.71,2.5
P Chopra,8,6,1,133.33,8.0
P Dogra,127,141,8,90.07,15.88
P Dubey,23,33,1,69.7,23.0
P Kumar,340,323,34,105.26,10.0
P Negi,365,301,22,121.26,16.59
P Nissanka,278,180,10,154.44,27.8
P Parameswaran,1,3,0,33.33,1.0
P Ray Barman,19,25,1,76.0,19.0
P Sahu,19,13,0,146.15,19.0
P Simran Singh,1865,1220,62,152.87,30.08
PA Patel,2848,2442,121,116.63,23.54
PA Reddy,164,167,10,98.2,16.4
PBB Rajapaksa,277,201,12,137.81,23.08
PC Valthaty,505,432,22,116.9,22.95
PD Collingwood,203,159,4,127.67,50.75
PD Salt,1258,746,37,168.63,34.0
PHKD Mendis,92,72,4,127.78,23.0
PJ Cummins,642,437,32,146.91,20.06
PJ Sangwan,26,47,7,55.32,3.71
PK Garg,273,247,18,110.53,15.17
PM Sarvesh Kumar,1,2,0,50.0,1.0
PN Mankad,97,75,3,129.33,32.33
PP Chawla,624,580,53,107.59,11.77
PP Hinge,3,9,1,33.33,3.0
PP Ojha,16,45,9,35.56,1.78
PP Shaw,1892,1321,76,143.22,24.89
PR Shah,92,97,8,94.85,11.5
PR Veer,90,72,2,125.0,45.0
PSP Handscomb,6,12,1,50.0,6.0
PV Tambe,18,39,1,46.15,18.0
PVD Chameera,53,49,3,108.16,17.67
PVSN Raju,1,1,0,100.0,1.0
PWA Mulder,9,12,1,75.0,9.0
PWH de Silva,81,95,15,85.26,5.4
Pankaj Singh,7,12,2,58.33,3.5
Parvez Rasool,17,20,2,85.0,8.5
Prince Yadav,5,12,0,41.67,5.0
Priyansh Arya,909,491,31,185.13,29.32
Q de Kock,3444,2618,108,131.55,31.89
R Ashwin,833,728,61,114.42,13.66
R Bhatia,342,290,29,117.93,11.79
R Bishnoi,19,17,3,111.76,6.33
R Dhawan,210,188,10,111.7,21.0
R Dravid,2174,1918,75,113.35,28.99
R McLaren,159,178,8,89.33,19.88
R Minz,12,20,3,60.0,4.0
R Ninan,3,6,1,50.0,3.0
R Parag,1879,1359,71,138.26,26.46
R Powell,555,409,24,135.7,23.12
R Rampaul,51,52,5,98.08,10.2
R Ravindra,413,298,16,138.59,25.81
R Sai Kishore,18,16,3,112.5,6.0
R Sanjay Yadav,0,2,1,0.0,0.0
R Sathish,270,236,16,114.41,16.88
R Sharma,66,77,11,85.71,6.0
R Shepherd,268,161,11,166.46,24.36
R Shukla,19,23,1,82.61,19.0
R Smaran,19,25,3,76.0,6.33
R Tewatia,1302,994,53,130.99,24.57
R Vinay Kumar,310,289,25,107.27,12.4
RA Bawa,35,32,3,109.38,11.67
RA Jadeja,3526,2816,119,125.21,29.63
RA Tripathi,2291,1707,85,134.21,26.95
RD Chahar,129,127,15,101.57,8.6
RD Gaikwad,2839,2154,72,131.8,39.43
RD Rickelton,836,513,24,162.96,34.83
RE Levi,83,74,6,112.16,13.83
RE van der Merwe,159,144,11,110.42,14.45
RG More,2,2,0,100.0,2.0
RG Sharma,7331,5659,244,129.55,30.05
RJ Gleeson,2,2,0,100.0,2.0
RJ Harris,117,112,12,104.46,9.75
RJ Peterson,32,32,3,100.0,10.67
RJ Quiney,103,105,7,98.1,14.71
RJW Topley,3,6,0,50.0,3.0
RK Bhui,10,27,4,37.04,2.5
RK Singh,1398,1005,41,139.1,34.1
RM Patidar,1612,1035,47,155.75,34.3
RN ten Doeschate,326,238,14,136.97,23.29
RP Meredith,0,3,0,0.0,0.0
RP Singh,52,78,14,66.67,3.71
RR Bhatkal,0,2,1,0.0,0.0
RR Pant,3879,2739,111,141.62,34.95
RR Powar,67,64,2,104.69,33.5
RR Raje,20,18,1,111.11,20.0
RR Rossouw,473,321,20,147.35,23.65
RR Sarwan,73,78,3,93.59,24.33
RS Bopara,531,468,17,113.46,31.24
RS Gavaskar,2,8,1,25.0,2.0
RS Sodhi,4,2,0,200.0,4.0
RT Ponting,91,129,8,70.54,11.38
RV Gomez,50,53,5,94.34,10.0
RV Patel,80,76,4,105.26,20.0
RV Uthappa,4954,3927,175,126.15,28.31
Rahmanullah Gurbaz,363,283,17,128.27,21.35
Ramandeep Singh,299,212,16,141.04,18.69
Rashid Khan,635,432,46,146.99,13.8
Rasikh Salam,43,43,5,100.0,8.6
Ravi Bishnoi,45,71,11,63.38,4.09
Ravi Singh,4,2,1,200.0,4.0
S Anirudha,136,121,8,112.4,17.0
S Aravind,59,59,3,100.0,19.67
S Arora,121,81,6,149.38,20.17
S Badree,13,25,5,52.0,2.6
S Badrinath,1441,1245,46,115.74,31.33
S Chanderpaul,25,33,3,75.76,8.33
S Dhawan,6769,5483,187,123.45,36.2
S Dube,2129,1555,67,136.91,31.78
S Gopal,180,173,12,104.05,15.0
S Kaul,20,36,3,55.56,6.67
S Kaushik,0,1,1,0.0,0.0
S Ladda,0,10,1,0.0,0.0
S Lamichhane,0,1,1,0.0,0.0
S Nadeem,39,88,14,44.32,2.79
S Narwal,37,29,3,127.59,12.33
S Rana,91,82,4,110.98,22.75
S Randiv,2,4,1,50.0,2.0
S Sohal,368,311,18,118.33,20.44
S Sreesanth,34,57,3,59.65,11.33
S Sriram,31,38,2,81.58,15.5
S Tyagi,3,4,0,75.0,3.0
S Vidyut,145,115,8,126.09,18.12
SA Abbott,22,18,2,122.22,11.0
SA Asnodkar,423,352,18,120.17,23.5
SA Yadav,4581,3154,133,145.24,34.44
SB Bangar,49,58,6,84.48,8.17
SB Dubey,220,148,10,148.65,22.0
SB Jakati,28,30,1,93.33,28.0
SB Joshi,6,16,2,37.5,3.0
SB Styris,131,134,7,97.76,18.71
SB Wagh,2,3,2,66.67,1.0
SC Ganguly,1349,1326,52,101.73,25.94
SD Chitnis,99,92,7,107.61,14.14
SD Hope,183,125,7,146.4,26.14
SD Lad,15,13,1,115.38,15.0
SE Bond,1,2,1,50.0,1.0
SE Marsh,2489,1913,62,130.11,40.15
SE Rutherford,520,393,21,132.32,24.76
SH Johnson,8,12,1,66.67,8.0
SJ Srivastava,5,5,1,100.0,5.0
SK Raina,5536,4177,162,132.54,34.17
SK Rasheed,71,67,5,105.97,14.2
SK Trivedi,42,61,7,68.85,6.0
SK Warne,198,219,17,90.41,11.65
SL Malinga,88,103,11,85.44,8.0
SM Curran,997,761,40,131.01,24.92
SM Harwood,9,14,0,64.29,9.0
SM Katich,241,191,9,126.18,26.78
SM Pollock,147,116,8,126.72,18.38
SMSM Senanayake,10,17,1,58.82,10.0
SN Khan,746,556,33,134.17,22.61
SN Thakur,349,276,28,126.45,12.46
SO Hetmyer,1566,1110,56,141.08,27.96
SP Fleming,196,171,9,114.62,21.78
SP Goswami,293,307,19,95.44,15.42
SP Jackson,61,57,6,107.02,10.17
SP Narine,1820,1178,98,154.5,18.57
SPD Smith,2495,1999,70,124.81,35.64
SR Dubey,4,2,0,200.0,4.0
SR Tendulkar,2334,2044,67,114.19,34.84
SR Watson,3880,2892,124,134.16,31.29
SS Cottrell,0,2,1,0.0,0.0
SS Iyer,4233,3211,118,131.83,35.87
SS Mishra,1,3,0,33.33,1.0
SS Prabhudessai,126,113,9,111.5,14.0
SS Shaikh,6,7,0,85.71,6.0
SS Tiwary,1494,1291,49,115.72,30.49
ST Jayasuriya,768,573,28,134.03,27.43
STR Binny,880,700,43,125.71,20.47
SU Parakh,46,33,4,139.39,11.5
SV Samson,5181,3770,159,137.43,32.58
SW Billings,503,399,26,126.07,19.35
SW Tait,23,26,3,88.46,7.67
SZ Mulani,1,1,0,100.0,1.0
Sachin Baby,144,123,9,117.07,16.0
Sakib Hussain,5,7,0,71.43,5.0
Salil Arora,35,25,1,140.0,35.0
Salman Butt,193,172,7,112.21,27.57
Sameer Rizvi,424,304,14,139.47,30.29
Sandeep Sharma,60,79,5,75.95,12.0
Sanvir Singh,25,22,2,113.64,12.5
Saurav Chauhan,18,16,3,112.5,6.0
Sediqullah Atal,22,16,1,137.5,22.0
Shahbaz Ahmed,603,516,28,116.86,21.54
Shahid Afridi,81,46,8,176.09,10.12
Shakib Al Hasan,795,665,39,119.55,20.38
Shashank Singh,905,588,24,153.91,37.71
Shivam Mavi,51,58,9,87.93,5.67
Shivam Sharma,5,3,1,166.67,5.0
Shivam Singh,2,3,0,66.67,2.0
Shivang Kumar,53,50,6,106.0,8.83
Shoaib Ahmed,1,6,2,16.67,0.5
Shoaib Akhtar,2,8,1,25.0,2.0
Shoaib Malik,52,49,4,106.12,13.0
Shubman Gill,4598,3339,111,137.71,41.42
Sikandar Raza,182,143,7,127.27,26.0
Simarjeet Singh,10,15,3,66.67,3.33
Sohail Tanvir,36,31,3,116.13,12.0
Sumit Kumar,18,26,2,69.23,9.0
Sunny Gupta,0,1,1,0.0,0.0
Sunny Singh,43,31,4,138.71,10.75
Suryansh Shedge,165,104,7,158.65,23.57
Swapnil Singh,51,46,5,110.87,10.2
T Banton,18,22,2,81.82,9.0
T Dahiya,12,15,2,80.0,6.0
T Henderson,11,16,1,68.75,11.0
T Kohler-Cadmore,48,54,3,88.89,16.0
T Kohli,11,20,3,55.0,3.67
T Natarajan,4,7,0,57.14,4.0
T Shamsi,2,4,0,50.0,2.0
T Stubbs,986,667,21,147.83,46.95
T Taibu,31,26,3,119.23,10.33
T Thushara,12,19,2,63.16,6.0
TA Boult,93,90,9,103.33,10.33
TD Paine,10,29,2,34.48,5.0
TG Southee,120,108,11,111.11,10.91
TH David,1151,697,34,165.14,33.85
TK Curran,127,108,5,117.59,25.4
TL Seifert,45,44,6,102.27,7.5
TL Suman,676,587,30,115.16,22.53
TM Dilshan,1153,1047,40,110.12,28.82
TM Head,1556,959,47,162.25,33.11
TM Srivastava,8,11,1,72.73,8.0
TR Birt,75,59,5,127.12,15.0
TS Mills,8,14,4,57.14,2.0
TU Deshpande,54,38,4,142.11,13.5
Tanush Kotian,24,32,1,75.0,24.0
Tilak Varma,1858,1344,50,138.24,37.16
U Kaul,0,1,0,0.0,0.0
UA Birla,7,15,1,46.67,7.0
UBT Chand,300,314,20,95.54,15.0
UT Khawaja,127,105,5,120.95,25.4
UT Yadav,208,211,20,98.58,10.4
Umar Gul,39,19,3,205.26,13.0
Umran Malik,23,16,1,143.75,23.0
Urvil Patel,197,102,10,193.14,19.7
V Kohli,9346,7127,229,131.14,40.81
V Nigam,157,92,6,170.65,26.17
V Pratap Singh,0,1,1,0.0,0.0
V Sehwag,2728,1833,95,148.83,28.72
V Shankar,1233,985,46,125.18,26.8
V Suryavanshi,1028,473,23,217.34,44.7
V Viyaskanth,7,5,0,140.0,7.0
VG Arora,10,28,4,35.71,2.5
VH Zol,29,26,2,111.54,14.5
VR Aaron,50,73,4,68.49,12.5
VR Iyer,1677,1223,53,137.12,31.64
VRV Singh,4,3,1,133.33,4.0
VS Malik,7,7,1,100.0,7.0
VS Yeligati,2,2,1,100.0,2.0
VVS Laxman,282,271,16,104.06,17.62
VY Mahesh,15,28,2,53.57,7.5
Vijaykumar Vyshak,16,17,2,94.12,8.0
Virat Singh,15,26,2,57.69,7.5
Vishnu Vinod,71,66,6,107.58,11.83
Vivrant Sharma,69,49,1,140.82,69.0
W Jaffer,130,129,7,100.78,18.57
WA Mota,56,76,5,73.68,11.2
WD Parnell,65,86,10,75.58,6.5
WG Jacks,602,385,21,156.36,28.67
WP Saha,2934,2368,118,123.9,24.86
WPUJC Vaas,81,73,7,110.96,11.57
Washington Sundar,888,689,41,128.88,21.66
X Thalaivan Sargunam,10,17,1,58.82,10.0
XC Bartlett,40,29,2,137.93,20.0
Y Gnaneswara Rao,19,18,1,105.56,19.0
Y Nagar,285,271,14,105.17,20.36
Y Prithvi Raj,0,1,0,0.0,0.0
Y Venugopal Rao,985,865,42,113.87,23.45
YA Abdulla,0,1,0,0.0,0.0
YBK Jaiswal,2593,1750,76,148.17,34.12
YK Pathan,3222,2334,105,138.05,30.69
YS Chahal,37,89,6,41.57,6.17
YV Dhull,16,23,3,69.57,5.33
YV Takawale,192,183,8,104.92,24.0
Yash Dayal,4,9,3,44.44,1.33
Yashpal Singh,47,67,4,70.15,11.75
Younis Khan,3,7,1,42.86,3.0
Yudhvir Singh,22,16,4,137.5,5.5
Yuvraj Singh,2754,2207,107,124.78,25.74
Z Khan,117,141,14,82.98,8.36
